{"cameraMode":{"drawMode":0,"name":"Shaded","section":"Shading Mode"},"sceneLighting":false,"audioPlay":false,"sceneViewState":{"m_AlwaysRefresh":false,"showFog":true,"showSkybox":false,"showFlares":true,"showImageEffects":true,"showParticleSystems":true,"showVisualEffectGraphs":true,"m_FxEnabled":true},"in2DMode":false,"pivot":{"x":5.689125061035156,"y":-1.5252974033355713,"z":0.16071924567222596},"rotation":{"x":0.09414076805114746,"y":0.024881703779101373,"z":-0.002350411843508482,"w":0.9952503442764282},"size":0.6362023949623108,"orthographic":false}